<?xml version="1.0" encoding="UTF-8" ?>
<!DOCTYPE mapper
        PUBLIC "-//mybatis.org//DTD Mapper 3.0//EN"
        "http://mybatis.org/dtd/mybatis-3-mapper.dtd">
<mapper namespace="com.youngheart.mapper.FlightScheduleMapper">

    <!-- 结果映射 -->
    <resultMap id="FlightScheduleResultMap" type="com.youngheart.domain.vo.time.FlightScheduleVO">
        <id column="flight_no" property="flightNo" jdbcType="VARCHAR"/>
        <result column="airline" property="airline" jdbcType="VARCHAR"/>
        <result column="first_departure_time" property="firstDepartureTime" jdbcType="VARCHAR"/>
        <result column="last_arrival_time" property="lastArrivalTime" jdbcType="VARCHAR"/>
    </resultMap>

    <!-- 查询所有航班时刻表 -->
    <select id="selectAllFlightSchedules" resultMap="FlightScheduleResultMap">
        SELECT 
            flight_no,
            airline,
            first_departure_time,
            last_arrival_time
        FROM flight_time_range_stats
        ORDER BY flight_no
    </select>

    <!-- 根据航班号查询 -->
    <select id="selectByFlightNo" parameterType="string" resultMap="FlightScheduleResultMap">
        SELECT 
            flight_no,
            airline,
            first_departure_time,
            last_arrival_time
        FROM flight_time_range_stats
        WHERE flight_no = #{flightNo}
    </select>

    <!-- 根据航空公司查询 -->
    <select id="selectByAirline" parameterType="string" resultMap="FlightScheduleResultMap">
        SELECT 
            flight_no,
            airline,
            first_departure_time,
            last_arrival_time
        FROM flight_time_range_stats
        WHERE airline = #{airline}
        ORDER BY flight_no
    </select>

    <!-- 插入航班时刻表数据 -->
    <insert id="insertFlightSchedule" parameterType="com.youngheart.domain.vo.time.FlightScheduleVO">
        INSERT INTO flight_time_range_stats (
            flight_no,
            airline,
            first_departure_time,
            last_arrival_time
        ) VALUES (
            #{flightNo},
            #{airline},
            #{firstDepartureTime},
            #{lastArrivalTime}
        )
    </insert>

    <!-- 更新航班时刻表数据 -->
    <update id="updateFlightSchedule" parameterType="com.youngheart.domain.vo.time.FlightScheduleVO">
        UPDATE flight_time_range_stats
        SET 
            airline = #{airline},
            first_departure_time = #{firstDepartureTime},
            last_arrival_time = #{lastArrivalTime}
        WHERE flight_no = #{flightNo}
    </update>

    <!-- 根据航班号删除 -->
    <delete id="deleteByFlightNo" parameterType="string">
        DELETE FROM flight_time_range_stats
        WHERE flight_no = #{flightNo}
    </delete>

    <!-- 获取所有航司 -->
    <select id="getAllAirlines" resultType="string">
        SELECT DISTINCT airline FROM flight_time_range_stats
    </select>

</mapper> 